{
  "split": {
    "holdout_year": 2026,
    "train_rows": 55939,
    "test_rows": 845
  },
  "overall": {
    "count": 845.0,
    "accuracy": 0.6792899408284023,
    "precision": 0.5421940928270043,
    "recall": 0.8263665594855305,
    "f1": 0.6547770700636942,
    "roc_auc": 0.7496929079807797,
    "log_loss": 0.6200559740323194
  },
  "segments": {
    "by_season": {
      "2026": {
        "count": 845.0,
        "accuracy": 0.6792899408284023,
        "precision": 0.5421940928270043,
        "recall": 0.8263665594855305,
        "f1": 0.6547770700636942,
        "roc_auc": 0.7496929079807797,
        "log_loss": 0.6200559740323194
      }
    },
    "by_surface": {
      "Hard": {
        "count": 757.0,
        "accuracy": 0.6961690885072656,
        "precision": 0.5419501133786848,
        "recall": 0.8951310861423221,
        "f1": 0.6751412429378532,
        "roc_auc": 0.7706986165252618,
        "log_loss": 0.5871555757824185
      },
      "Unknown": {
        "count": 88.0,
        "accuracy": 0.5340909090909091,
        "precision": 0.5454545454545454,
        "recall": 0.4090909090909091,
        "f1": 0.4675324675324675,
        "roc_auc": 0.6169938016528926,
        "log_loss": 0.9030741726138539
      }
    },
    "by_season_surface": {
      "2026__Hard": {
        "count": 757.0,
        "accuracy": 0.6961690885072656,
        "precision": 0.5419501133786848,
        "recall": 0.8951310861423221,
        "f1": 0.6751412429378532,
        "roc_auc": 0.7706986165252618,
        "log_loss": 0.5871555757824185
      },
      "2026__Unknown": {
        "count": 88.0,
        "accuracy": 0.5340909090909091,
        "precision": 0.5454545454545454,
        "recall": 0.4090909090909091,
        "f1": 0.4675324675324675,
        "roc_auc": 0.6169938016528926,
        "log_loss": 0.9030741726138539
      }
    }
  }
}
